<?xml version="1.0" encoding="UTF-8"?>
<metadata xml:lang="en"><Esri><CreaDate>20181203</CreaDate><CreaTime>11184200</CreaTime><ArcGISFormat>1.0</ArcGISFormat><SyncOnce>TRUE</SyncOnce><DataProperties><lineage><Process ToolSource="c:\program files (x86)\arcgis\desktop10.4\ArcToolbox\Toolboxes\Conversion Tools.tbx\RasterToPolygon" Date="20181118" Time="153128">RasterToPolygon LE07_L1GT_126_20030106_20170126_01_TA_lake_mask_mosaic.tif "C:\Users\Julian Spergel\Documents\ArcGIS\Default.gdb\LE07_L1GT_126_20030106_20170126_01_TA_lake_mask_Poly" NO_SIMPLIFY Value</Process><Process ToolSource="c:\program files (x86)\arcgis\desktop10.4\ArcToolbox\Toolboxes\Data Management Tools.tbx\AddField" Date="20181118" Time="153130">AddField LE07_L1GT_126_20030106_20170126_01_TA_lake_mask_Poly sizeLimit SHORT # # # # NULLABLE NON_REQUIRED #</Process><Process ToolSource="c:\program files (x86)\arcgis\desktop10.4\ArcToolbox\Toolboxes\Data Management Tools.tbx\CalculateField" Date="20181118" Time="153139">CalculateField LE07_L1GT_126_20030106_20170126_01_TA_lake_mask_Poly sizeLimit getClass(float(!SHAPE.area!)) PYTHON "def getClass(area):\n                if area &gt; 5000:\n                   return 1\n                else:\n                   return 0"</Process><Process ToolSource="c:\program files (x86)\arcgis\desktop10.4\ArcToolbox\Toolboxes\Data Management Tools.tbx\DeleteFeatures" Date="20181118" Time="153148">DeleteFeatures LE07_L1GT_126_20030106_20170126_01_TA_lake_mask_Poly</Process><Process ToolSource="c:\program files (x86)\arcgis\desktop10.4\ArcToolbox\Toolboxes\Data Management Tools.tbx\DeleteFeatures" Date="20181118" Time="153157">DeleteFeatures LE07_L1GT_126_20030106_20170126_01_TA_lake_mask_Poly</Process><Process ToolSource="c:\program files (x86)\arcgis\desktop10.4\ArcToolbox\Toolboxes\Data Management Tools.tbx\DeleteFeatures" Date="20181118" Time="153206">DeleteFeatures LE07_L1GT_126_20030106_20170126_01_TA_lake_mask_Poly</Process></lineage></DataProperties></Esri></metadata>
