<?xml version="1.0" encoding="UTF-8"?>
<metadata xml:lang="en"><Esri><CreaDate>20181203</CreaDate><CreaTime>11311700</CreaTime><ArcGISFormat>1.0</ArcGISFormat><SyncOnce>TRUE</SyncOnce><DataProperties><lineage><Process ToolSource="c:\program files (x86)\arcgis\desktop10.4\ArcToolbox\Toolboxes\Conversion Tools.tbx\RasterToPolygon" Date="20181114" Time="120358">RasterToPolygon LE07_L1GT_126_20050111_20170117_01_TY_lake_mask_maskmosaic.tif "C:\Users\Julian Spergel\Documents\ArcGIS\Default.gdb\LE07_L1GT_126_20050111_20170117_01_TY_lake_mask_poly" SIMPLIFY Value</Process><Process ToolSource="c:\program files (x86)\arcgis\desktop10.4\ArcToolbox\Toolboxes\Data Management Tools.tbx\AddField" Date="20181114" Time="120400">AddField LE07_L1GT_126_20050111_20170117_01_TY_lake_mask_poly sizeLimit SHORT # # # # NULLABLE NON_REQUIRED #</Process><Process ToolSource="c:\program files (x86)\arcgis\desktop10.4\ArcToolbox\Toolboxes\Data Management Tools.tbx\CalculateField" Date="20181114" Time="120421">CalculateField LE07_L1GT_126_20050111_20170117_01_TY_lake_mask_poly sizeLimit getClass(float(!SHAPE.area!)) PYTHON "def getClass(area):\n                if area &gt; 30000:\n                   return 1\n                else:\n                   return 0"</Process><Process ToolSource="c:\program files (x86)\arcgis\desktop10.4\ArcToolbox\Toolboxes\Data Management Tools.tbx\DeleteFeatures" Date="20181114" Time="120431">DeleteFeatures LE07_L1GT_126_20050111_20170117_01_TY_lake_mask_poly</Process><Process ToolSource="c:\program files (x86)\arcgis\desktop10.4\ArcToolbox\Toolboxes\Data Management Tools.tbx\DeleteFeatures" Date="20181114" Time="120439">DeleteFeatures LE07_L1GT_126_20050111_20170117_01_TY_lake_mask_poly</Process></lineage></DataProperties></Esri></metadata>
