<?xml version="1.0" encoding="UTF-8"?>
<metadata xml:lang="en"><Esri><CreaDate>20181203</CreaDate><CreaTime>11192600</CreaTime><ArcGISFormat>1.0</ArcGISFormat><SyncOnce>TRUE</SyncOnce><DataProperties><lineage><Process ToolSource="c:\program files (x86)\arcgis\desktop10.4\ArcToolbox\Toolboxes\Conversion Tools.tbx\RasterToPolygon" Date="20181118" Time="154715">RasterToPolygon LE07_L1GT_127_20040201_20170122_01_TY_lake_mask_mosaic.tif "C:\Users\Julian Spergel\Documents\ArcGIS\Default.gdb\LE07_L1GT_127_20040201_20170122_01_TY_lake_mask_Poly" NO_SIMPLIFY Value</Process><Process ToolSource="c:\program files (x86)\arcgis\desktop10.4\ArcToolbox\Toolboxes\Data Management Tools.tbx\AddField" Date="20181118" Time="154720">AddField LE07_L1GT_127_20040201_20170122_01_TY_lake_mask_Poly sizeLimit SHORT # # # # NULLABLE NON_REQUIRED #</Process><Process ToolSource="c:\program files (x86)\arcgis\desktop10.4\ArcToolbox\Toolboxes\Data Management Tools.tbx\CalculateField" Date="20181118" Time="155009">CalculateField LE07_L1GT_127_20040201_20170122_01_TY_lake_mask_Poly sizeLimit getClass(float(!SHAPE.area!)) PYTHON "def getClass(area):\n                if area &gt; 5000:\n                   return 1\n                else:\n                   return 0"</Process><Process ToolSource="c:\program files (x86)\arcgis\desktop10.4\ArcToolbox\Toolboxes\Data Management Tools.tbx\DeleteFeatures" Date="20181118" Time="155030">DeleteFeatures LE07_L1GT_127_20040201_20170122_01_TY_lake_mask_Poly</Process><Process ToolSource="c:\program files (x86)\arcgis\desktop10.4\ArcToolbox\Toolboxes\Data Management Tools.tbx\DeleteFeatures" Date="20181118" Time="155113">DeleteFeatures LE07_L1GT_127_20040201_20170122_01_TY_lake_mask_Poly</Process><Process ToolSource="c:\program files (x86)\arcgis\desktop10.4\ArcToolbox\Toolboxes\Data Management Tools.tbx\DeleteFeatures" Date="20181118" Time="155126">DeleteFeatures LE07_L1GT_127_20040201_20170122_01_TY_lake_mask_Poly</Process></lineage></DataProperties></Esri></metadata>
