<?xml version="1.0" encoding="UTF-8"?>
<metadata xml:lang="en"><Esri><CreaDate>20181127</CreaDate><CreaTime>15544000</CreaTime><ArcGISFormat>1.0</ArcGISFormat><SyncOnce>TRUE</SyncOnce><DataProperties><lineage><Process ToolSource="c:\program files (x86)\arcgis\desktop10.4\ArcToolbox\Toolboxes\Conversion Tools.tbx\RasterToPolygon" Date="20181118" Time="134423">RasterToPolygon LT04_L1GS_128_19891231_20170201_01_T2_lake_mask_mosaic.tif "C:\Users\Julian Spergel\Documents\ArcGIS\Default.gdb\LT04_L1GS_128_19891231_20170201_01_T2_lake_mask_Poly" NO_SIMPLIFY Value</Process><Process ToolSource="c:\program files (x86)\arcgis\desktop10.4\ArcToolbox\Toolboxes\Data Management Tools.tbx\AddField" Date="20181118" Time="134423">AddField Polygons\LT04_L1GS_128_19891231_20170201_01_T2_lake_mask_poly sizeLimit SHORT # # # # NULLABLE NON_REQUIRED #</Process><Process ToolSource="c:\program files (x86)\arcgis\desktop10.4\ArcToolbox\Toolboxes\Data Management Tools.tbx\CalculateField" Date="20181118" Time="134445">CalculateField Polygons\LT04_L1GS_128_19891231_20170201_01_T2_lake_mask_poly sizeLimit getClass(float(!SHAPE.area!)) PYTHON "def getClass(area):\n                if area &gt; 5000:\n                   return 1\n                else:\n                   return 0"</Process><Process ToolSource="c:\program files (x86)\arcgis\desktop10.4\ArcToolbox\Toolboxes\Data Management Tools.tbx\DeleteFeatures" Date="20181118" Time="134453">DeleteFeatures Polygons\LT04_L1GS_128_19891231_20170201_01_T2_lake_mask_poly</Process><Process ToolSource="c:\program files (x86)\arcgis\desktop10.4\ArcToolbox\Toolboxes\Data Management Tools.tbx\DeleteFeatures" Date="20181118" Time="134501">DeleteFeatures Polygons\LT04_L1GS_128_19891231_20170201_01_T2_lake_mask_poly</Process><Process ToolSource="c:\program files (x86)\arcgis\desktop10.4\ArcToolbox\Toolboxes\Data Management Tools.tbx\DeleteFeatures" Date="20181118" Time="134509">DeleteFeatures Polygons\LT04_L1GS_128_19891231_20170201_01_T2_lake_mask_poly</Process></lineage></DataProperties></Esri></metadata>
